Age,Experience,Education,SkillScore,ATSScore,HiringDecision,AgeGroup,ATSScore_NoAge,HiringDecision_NoAge
58,14,Bachelor,65.23779126455341,24.031337379366022,0,50-60,25.77133737936602,0
48,22,Master,78.74389180712727,31.883167542138178,1,40-50,33.32316754213818,1
34,11,Bachelor,72.62561329001926,25.76768398700578,0,30-40,26.787683987005778,0
27,23,High School,71.93589911367545,30.27076973410264,1,20-30,31.08076973410264,0
40,1,Bachelor,78.50897962167973,23.352693886503918,0,30-40,24.552693886503917,0
58,37,PhD,68.62628211600604,34.84788463480181,1,50-60,36.58788463480181,1
38,21,High School,73.9046484992889,29.73139454978667,0,30-40,30.87139454978667,0
42,26,Bachelor,68.96778247067503,30.430334741202508,1,40-50,31.69033474120251,1
30,36,High School,72.65362349399628,35.59608704819888,1,20-30,36.49608704819888,1
30,23,Bachelor,64.17241342388418,28.151724027165255,0,20-30,29.051724027165253,0
43,1,High School,45.61182841723571,13.09354852517071,0,40-50,14.383548525170712,0
55,15,Bachelor,68.65720837813696,25.547162513441087,0,50-60,27.197162513441086,0
59,21,Master,84.2274813609994,32.798244408299816,1,50-60,34.56824440829982,1
43,9,Bachelor,79.26215402241593,26.688646206724776,0,40-50,27.978646206724775,0
22,9,Bachelor,79.6539748459117,27.43619245377351,0,20-30,28.09619245377351,0
41,10,Master,82.36130721806218,28.378392165418656,0,40-50,29.608392165418657,0
21,26,PhD,70.88657590961438,32.23597277288431,1,20-30,32.86597277288431,1
43,35,High School,71.97315707405596,34.60194712221679,1,40-50,35.89194712221679,1
49,25,Bachelor,63.8234810456565,28.277044313696948,0,40-50,29.747044313696946,0
57,26,High School,66.8392714397295,29.04178143191885,0,50-60,30.75178143191885,0
21,11,PhD,76.15771149771142,27.817313449313428,0,20-30,28.447313449313427,0
40,38,PhD,82.03884437168816,39.81165331150645,1,30-40,41.01165331150645,1
52,2,Bachelor,68.60553724319,20.421661172957,0,50-60,21.981661172956997,0
31,7,Master,65.49810735148588,22.419432205445766,0,30-40,23.349432205445765,0
41,18,Bachelor,70.00527958856597,27.57158387656979,0,40-50,28.80158387656979,0
44,27,Bachelor,76.01206748929116,32.883620246787345,1,40-50,34.203620246787345,1
46,34,High School,55.56145183866458,29.188435551599376,0,40-50,30.568435551599375,0
47,27,Master,47.03819046862762,24.40145714058829,0,40-50,25.81145714058829,0
35,17,High School,64.49463150508416,25.398389451525247,0,30-40,26.448389451525248,0
34,24,Master,57.79287574085841,26.817862722257527,0,30-40,27.837862722257526,0
22,25,Master,64.9185980235269,29.71557940705807,0,20-30,30.37557940705807,0
56,7,Master,68.52219681182528,22.576659043547583,0,50-60,24.256659043547582,0
26,6,High School,65.46751590976987,21.56025477293096,0,20-30,22.34025477293096,0
40,24,Bachelor,84.52467534470745,34.35740260341223,1,30-40,35.557402603412235,1
28,33,High School,73.2674476460232,34.640234293806955,1,20-30,35.48023429380696,1
58,29,Bachelor,73.00474359610828,32.36142307883248,1,50-60,34.10142307883248,1
37,22,High School,76.22207144043402,30.856621432130208,1,30-40,31.966621432130207,1
23,26,PhD,58.61166882219231,28.49350064665769,0,20-30,29.18350064665769,0
44,28,Bachelor,80.39111787420269,34.59733536226081,1,40-50,35.91733536226081,1
33,21,Bachelor,69.2423571346454,28.782707140393622,0,30-40,29.77270714039362,0
28,7,Bachelor,76.70480617241212,25.571441851723637,0,20-30,26.411441851723637,0
45,17,Bachelor,59.28142766959844,23.83442830087953,0,40-50,25.18442830087953,0
21,20,Bachelor,54.462412339839354,24.30872370195181,0,20-30,24.938723701951808,0
39,20,Bachelor,78.17889658025028,30.88366897407508,1,30-40,32.05366897407508,1
47,22,PhD,73.76409526097517,30.719228578292554,1,40-50,32.129228578292555,1
26,28,Bachelor,60.9794844564249,29.313845336927468,0,20-30,30.09384533692747,0
27,7,PhD,61.303369187253054,21.581010756175917,0,20-30,22.391010756175916,0
54,1,Master,81.25434784414769,24.056304353244304,0,50-60,25.676304353244305,0
33,32,High School,58.10588107132672,29.54176432139802,0,30-40,30.53176432139802,0
36,13,PhD,86.42672953255963,31.24801885976789,1,30-40,32.32801885976789,1
55,30,High School,60.99379265352131,28.948137796056393,0,50-60,30.598137796056392,0
59,23,Master,76.38391925608383,31.245175776825146,1,50-60,33.015175776825146,1
23,19,Bachelor,66.71381524251015,27.52414457275304,0,20-30,28.214144572753042,0
21,32,Master,76.03187431082343,35.87956229324703,1,20-30,36.50956229324703,1
25,30,Master,64.55885997885808,31.517657993657423,1,20-30,32.26765799365742,1
23,29,Master,68.37207093927705,32.321621281783116,1,20-30,33.011621281783114,1
48,29,Master,70.40919175395722,32.18275752618717,1,40-50,33.622757526187165,1
37,30,Bachelor,59.978125442185274,29.48343763265558,0,30-40,30.59343763265558,0
45,16,High School,77.40824345420125,28.572473036260373,0,40-50,29.922473036260374,0
53,19,Bachelor,64.86786433528415,26.07035930058525,0,50-60,27.66035930058525,0
29,18,High School,67.71400084659982,26.944200253979943,0,20-30,27.814200253979944,0
55,1,Bachelor,60.056506253914876,17.366951876174465,0,50-60,19.016951876174463,0
33,14,Bachelor,44.376663412046895,18.52299902361407,0,30-40,19.512999023614068,0
50,2,PhD,68.08972237399831,20.926916712199493,0,40-50,22.426916712199493,0
34,28,Bachelor,94.12615421612915,39.017846264838745,1,30-40,40.03784626483875,1
27,30,Master,77.84604287898024,35.44381286369407,1,20-30,36.25381286369407,1
33,38,High School,69.80739620265605,35.45221886079681,1,30-40,36.442218860796814,1
42,4,Master,67.37109170791733,21.451327512375197,0,40-50,22.7113275123752,0
59,1,PhD,70.22465892812046,20.89739767843614,0,50-60,22.66739767843614,0
40,8,Bachelor,75.4711911517521,25.24135734552563,0,30-40,26.441357345525628,0
35,29,Bachelor,58.19187184691155,28.607561554073467,0,30-40,29.657561554073467,0
37,39,Master,81.14321694668872,39.73296508400662,1,30-40,40.84296508400662,1
43,3,High School,77.15381315441245,23.356143946323733,0,40-50,24.646143946323733,0
45,32,Bachelor,77.18185725707934,35.2045571771238,1,40-50,36.554557177123804,1
44,10,Bachelor,74.38475738809727,25.59542721642918,0,40-50,26.91542721642918,0
48,10,High School,70.1961665769399,23.91884997308197,0,40-50,25.35884997308197,0
34,19,Bachelor,76.72861235966819,30.198583707900458,0,30-40,31.218583707900457,0
20,34,High School,75.91814133741379,36.07544240122414,1,,36.67544240122414,1
44,33,High School,66.45959289058976,32.11787786717693,1,40-50,33.43787786717693,1
26,23,High School,64.263982271031,27.999194681309298,0,20-30,28.7791946813093,0
28,28,PhD,71.01856295261987,32.86556888578596,1,20-30,33.705568885785965,1
43,32,Bachelor,85.49020151495188,37.75706045448556,1,40-50,39.04706045448556,1
20,7,PhD,57.60892924346099,20.682678773038294,0,,21.282678773038295,0
27,29,Bachelor,55.3247473424756,27.987424202742684,0,20-30,28.797424202742683,0
43,8,Bachelor,71.64760841236517,24.004282523709552,0,40-50,25.29428252370955,0
30,1,Bachelor,70.50887701856018,21.252663105568057,0,20-30,22.152663105568056,0
36,3,Bachelor,71.73341664370409,22.240024993111227,0,30-40,23.320024993111225,0
27,24,High School,72.439531979085,30.821859593725502,1,20-30,31.6318595937255,1
54,23,Bachelor,67.76797745365195,28.510393236095585,0,50-60,30.130393236095586,0
54,8,High School,84.89863438602082,27.349590315806243,0,50-60,28.969590315806244,0
52,37,Bachelor,53.99096021523484,30.03728806457045,0,50-60,31.59728806457045,1
24,3,Bachelor,61.71502975219754,19.594508925659262,0,20-30,20.31450892565926,0
58,33,High School,68.96745239850952,32.45023571955286,1,50-60,34.19023571955286,1
47,28,High School,53.56811188845833,26.160433566537503,0,40-50,27.570433566537503,0
26,8,Master,68.24145595567929,23.79243678670378,0,20-30,24.572436786703783,0
28,34,Bachelor,86.61470165728018,39.34441049718405,1,20-30,40.184410497184054,1
27,35,High School,70.20886488295962,34.55265946488788,1,20-30,35.362659464887884,1
31,32,PhD,72.30700905718683,34.76210271715605,1,30-40,35.69210271715605,1
53,24,High School,57.398352348274194,25.52950570448226,0,50-60,27.11950570448226,0
52,14,Bachelor,63.83638591960523,23.79091577588157,0,50-60,25.350915775881568,0
42,32,PhD,66.24803619676064,32.61441085902819,1,40-50,33.87441085902819,1
43,16,High School,66.82284903243766,25.456854709731296,0,40-50,26.746854709731295,0
56,4,High School,82.81643795003768,25.064931385011302,0,50-60,26.744931385011302,0
54,37,High School,75.57691060725125,36.15307318217538,1,50-60,37.77307318217538,1
59,21,Bachelor,58.88542043062968,24.895626129188905,0,50-60,26.665626129188905,0
41,14,High School,72.46504778432005,26.409514335296013,0,40-50,27.639514335296013,0
46,31,Bachelor,74.98221748496785,34.11466524549035,1,40-50,35.49466524549035,1
54,18,High School,81.40149038521267,30.3004471155638,1,50-60,31.9204471155638,1
20,7,Bachelor,85.80540686568374,28.54162205970512,0,,29.14162205970512,0
54,10,PhD,59.84905808172131,21.53471742451639,0,50-60,23.15471742451639,0
56,7,Master,61.89142488789662,20.587427466368986,0,50-60,22.267427466368986,0
33,33,Bachelor,57.42422141085384,30.037266423256153,0,30-40,31.02726642325615,0
22,23,Bachelor,67.65980140893019,29.43794042267906,0,20-30,30.09794042267906,0
20,21,Bachelor,74.66358374446334,30.799075123338998,1,,31.399075123339,1
24,19,Bachelor,79.87334516589102,31.442003549767307,1,20-30,32.162003549767306,1
45,19,Bachelor,69.24048976357477,27.62214692907243,0,40-50,28.97214692907243,0
33,36,High School,66.80152476745155,33.750457430235464,1,30-40,34.740457430235466,1
58,29,Master,71.5175799224874,32.21527397674622,1,50-60,33.95527397674622,1
46,18,Bachelor,61.64857098369977,24.914571295109933,0,40-50,26.294571295109932,0
28,2,High School,90.89538721694774,27.528616165084323,0,20-30,28.368616165084322,0
34,1,Bachelor,53.923389728819416,16.157016918645823,0,30-40,17.177016918645823,0
34,5,Bachelor,71.84740578895725,23.134221736687174,0,30-40,24.154221736687173,0
45,20,Master,90.23606219229639,34.620818657688915,1,40-50,35.970818657688916,1
32,11,Master,70.06799844559998,25.360399533679995,0,30-40,26.320399533679996,0
51,2,Master,68.09960964998506,20.599882894995513,0,50-60,22.129882894995514,0
58,3,High School,66.42554577189573,19.68766373156872,0,50-60,21.427663731568718,0
51,23,Bachelor,68.19608318237592,28.728824954712774,0,50-60,30.258824954712775,0
23,12,Bachelor,83.7284847467653,29.82854542402959,0,20-30,30.51854542402959,0
49,20,High School,47.88138088670493,21.19441426601148,0,40-50,22.66441426601148,0
56,5,High School,85.33433701296326,26.22030110388898,0,50-60,27.900301103888978,0
42,37,Master,55.76042847549855,31.168128542649566,1,40-50,32.42812854264957,1
58,38,High School,67.33347670765585,33.96004301229675,1,50-60,35.70004301229675,1
34,30,Bachelor,65.70755579701338,31.29226673910401,1,30-40,32.31226673910401,1
48,9,High School,75.88553269770719,25.225659809312155,0,40-50,26.665659809312157,0
55,34,High School,54.01875648116253,28.45562694434876,0,50-60,30.10562694434876,0
32,35,High School,74.62172666081943,35.72651799824583,1,30-40,36.68651799824583,1
51,22,PhD,90.24309623286852,35.54292886986056,1,50-60,37.07292886986056,1
26,24,Master,56.368259954071895,26.63047798622157,0,20-30,27.410477986221572,0
41,17,PhD,71.89706167610396,28.339118502831187,0,40-50,29.569118502831188,0
47,10,Bachelor,63.38017822203391,22.204053466610173,0,40-50,23.614053466610173,0
21,30,High School,74.25887206193036,33.947661618579104,1,20-30,34.57766161857911,1
25,23,Bachelor,70.19147777415752,30.107443332247257,0,20-30,30.857443332247257,0
47,32,Bachelor,63.5851309095569,31.065539272867067,1,40-50,32.47553927286707,1
47,17,Master,74.87872284871074,28.753616854613224,0,40-50,30.163616854613224,0
39,17,High School,88.04348109786743,32.343044329360225,1,30-40,33.51304432936023,1
49,14,Bachelor,68.09096208272702,25.157288624818104,0,40-50,26.627288624818103,0
30,9,High School,77.19757942148182,26.159273826444544,0,20-30,27.059273826444542,0
47,2,Bachelor,57.06727042128836,17.110181126386507,0,40-50,18.520181126386507,0
44,25,Master,60.43563623181991,27.71069086954597,0,40-50,29.03069086954597,0
58,39,Bachelor,74.72406277880377,36.87721883364113,1,50-60,38.61721883364113,1
52,9,Bachelor,84.84116028535965,28.092348085607895,0,50-60,29.652348085607894,0
20,22,Bachelor,73.5561334878566,30.866840046356977,1,,31.466840046356978,1
46,4,Bachelor,66.86941969476845,20.880825908430534,0,40-50,22.260825908430533,0
32,26,Master,69.99291405423354,31.33787421627006,1,30-40,32.29787421627006,1
22,29,Master,57.495922660302824,29.08877679809085,0,20-30,29.74877679809085,0
58,34,PhD,76.04515326355367,35.8735459790661,1,50-60,37.6135459790661,1
25,23,Master,78.82333062323409,32.99699918697023,1,20-30,33.74699918697023,1
27,37,Bachelor,65.4790966716692,34.233729001500755,1,20-30,35.04372900150076,1
46,11,Bachelor,65.29957852240499,23.209873556721497,0,40-50,24.589873556721496,0
28,6,Bachelor,72.65878229652049,23.957634688956144,0,20-30,24.797634688956144,0
56,18,High School,65.63280263959405,25.509840791878215,0,50-60,27.189840791878215,0
52,21,Master,69.33867385374178,28.541602156122536,0,50-60,30.101602156122535,0
43,36,High School,90.99721789166516,40.70916536749955,1,40-50,41.99916536749955,1
34,38,PhD,67.52974299254004,35.63892289776201,1,30-40,36.65892289776201,1
51,34,Bachelor,66.41659847978778,32.59497954393633,1,50-60,34.124979543936334,1
51,17,Bachelor,63.52458194364841,24.92737458309452,0,50-60,26.45737458309452,0
43,37,Bachelor,77.44191971499937,37.34257591449981,1,40-50,38.63257591449981,1
31,25,Master,68.18775826781896,30.42632748034569,1,30-40,31.35632748034569,0
58,38,Bachelor,63.50626961678574,33.111880885035724,1,50-60,34.851880885035726,1
21,12,Bachelor,83.21304032273012,29.733912096819036,0,20-30,30.363912096819035,0
22,23,High School,84.19603004513637,34.098809013540915,1,20-30,34.75880901354091,1
56,22,Bachelor,63.99576434261295,26.918729302783888,0,50-60,28.598729302783887,0
36,21,High School,51.33460048639384,23.020380145918153,0,30-40,24.10038014591815,0
21,27,Master,80.07513689836922,35.092541069510766,1,20-30,35.72254106951077,1
21,31,Bachelor,63.15370174239996,31.31611052271999,1,20-30,31.946110522719987,1
47,6,Bachelor,77.90625599162769,24.961876797488305,0,40-50,26.371876797488305,0
42,27,High School,50.298961822881644,24.929688546864494,0,40-50,26.189688546864495,0
56,34,High School,78.92597338299309,35.89779201489793,1,50-60,37.57779201489793,1
51,12,Master,57.88828070719219,21.536484212157653,0,50-60,23.066484212157654,0
52,7,High School,77.30764119066525,24.732292357199576,0,50-60,26.292292357199575,0
20,10,High School,70.14273067836434,24.742819203509303,0,,25.342819203509304,0
38,17,High School,60.46060580603355,24.098181741810066,0,30-40,25.238181741810067,0
21,26,PhD,65.9296368707322,30.748891061219656,1,20-30,31.378891061219655,0
45,21,Master,76.86318456956701,31.008955370870105,1,40-50,32.358955370870106,1
51,28,Bachelor,71.05894453115235,31.587683359345704,1,50-60,33.117683359345705,1
25,2,High School,75.84412980472484,23.103238941417455,0,20-30,23.853238941417455,0
51,1,Bachelor,89.76440584515485,26.399321753546456,0,50-60,27.929321753546457,0
23,36,Master,54.357583882889486,30.917275164866844,1,20-30,31.607275164866845,1
30,26,Bachelor,86.17212574968624,35.95163772490587,1,20-30,36.85163772490587,1
36,29,High School,71.04355937523214,32.13306781256964,1,30-40,33.21306781256964,1
57,21,High School,61.01215951676872,25.293647855030613,0,50-60,27.003647855030614,0
43,11,High School,56.696863742610105,20.419059122783032,0,40-50,21.70905912278303,0
24,11,Bachelor,68.10879609222967,24.7126388276689,0,20-30,25.4326388276689,0
53,36,Master,79.2165011192446,37.47495033577337,1,50-60,39.064950335773375,1
25,39,High School,68.72450879622465,35.76735263886739,1,20-30,36.51735263886739,1
41,35,High School,85.11154930247348,38.603464790742045,1,40-50,39.83346479074204,1
30,34,High School,55.488243099484414,29.646472929845327,0,20-30,30.546472929845326,0
35,24,PhD,69.87911052153946,30.71373315646184,1,30-40,31.76373315646184,1
52,22,High School,57.47606555586881,24.782819666760645,0,50-60,26.342819666760644,0
28,5,Master,73.63631882624968,24.1508956478749,0,20-30,24.9908956478749,0
25,33,Bachelor,78.868873900973,36.7106621702919,1,20-30,37.4606621702919,1
35,36,Bachelor,65.79238206318946,33.687714618956846,1,30-40,34.73771461895684,1
48,20,High School,43.95786143372866,20.047358430118596,0,40-50,21.487358430118597,0
22,19,High School,71.98948146796495,28.836844440389488,0,20-30,29.496844440389488,0
39,35,Bachelor,74.3673855173351,35.74021565520052,1,30-40,36.910215655200524,1
55,17,Master,74.04294754961697,28.262884264885095,0,50-60,29.912884264885093,0
38,34,Bachelor,82.35782191822155,37.76734657546646,1,30-40,38.90734657546646,1
45,9,Bachelor,59.28946320350951,20.636838961052852,0,40-50,21.986838961052854,0
22,26,High School,76.8021610545045,33.08064831635135,1,20-30,33.74064831635135,1
38,2,PhD,81.92507512477975,25.437522537433924,0,30-40,26.577522537433925,0
39,9,Master,52.21412415993483,18.99423724798045,0,30-40,20.16423724798045,0
51,9,High School,73.19651825918977,24.328955477756928,0,50-60,25.85895547775693,0
26,17,PhD,64.95820168992329,26.707460506976982,0,20-30,27.487460506976984,0
52,1,Bachelor,69.18477326898355,20.195431980695066,0,50-60,21.755431980695064,0
59,25,Bachelor,73.47676483538336,30.87302945061501,1,50-60,32.64302945061501,1
58,25,Master,65.12771435886448,28.69831430765935,0,50-60,30.438314307659347,0
37,39,Master,63.24291920838388,34.36287576251516,1,30-40,35.47287576251516,1
59,35,Bachelor,70.34152417488025,33.93245725246407,1,50-60,35.70245725246407,1
20,3,High School,59.12754061137198,18.63826218341159,0,,19.238262183411592,0
30,37,Bachelor,59.141748711148146,32.24252461334444,1,20-30,33.14252461334444,1
47,30,PhD,76.79373282956503,34.82811984886951,1,40-50,36.23811984886951,1
44,38,High School,58.51205964841344,31.73361789452403,1,40-50,33.05361789452403,1
42,34,Bachelor,76.66312500909211,35.93893750272763,1,40-50,37.19893750272763,1
50,12,Bachelor,74.6259129285395,26.28777387856185,0,40-50,27.78777387856185,0
49,19,Bachelor,52.741932712094034,22.552579813628213,0,40-50,24.022579813628212,0
54,37,Bachelor,63.22435347664345,32.74730604299304,1,50-60,34.367306042993036,1
26,17,PhD,81.94109403047372,31.802328209142118,1,20-30,32.58232820914212,1
35,10,High School,60.18834468860318,21.306503406580955,0,30-40,22.356503406580956,0
45,12,High School,65.35595737690612,23.356787213071836,0,40-50,24.706787213071838,0
21,16,High School,74.62060893251896,28.45618267975569,0,20-30,29.086182679755687,0
20,24,Master,77.83390509282596,33.25017152784779,1,,33.85017152784779,1
31,19,Bachelor,67.48461113955504,27.51538334186651,0,30-40,28.44538334186651,0
24,8,High School,64.02489805308359,21.987469415925077,0,20-30,22.707469415925075,0
56,31,Master,84.22369861698508,36.88710958509552,1,50-60,38.56710958509552,1
51,21,Master,87.3889966379758,33.986698991392736,1,50-60,35.51669899139274,1
28,17,Master,79.78858050781795,30.79657415234539,1,20-30,31.63657415234539,1
54,23,PhD,70.85318142565023,30.03595442769507,0,50-60,31.65595442769507,1
38,37,High School,61.91734278359073,32.53520283507722,1,30-40,33.67520283507722,1
35,16,Master,61.695555934434346,24.7586667803303,0,30-40,25.808666780330302,0
22,6,Bachelor,75.22514105265758,24.907542315797272,0,20-30,25.567542315797272,0
39,8,Master,74.18398220888683,25.18519466266605,0,30-40,26.35519466266605,0
43,25,Master,84.01598592946429,34.81479577883929,1,40-50,36.10479577883929,1
52,18,Master,76.5045009253614,29.491350277608422,0,50-60,31.05135027760842,0
43,25,Bachelor,54.96919698240182,25.800759094720547,0,40-50,27.090759094720546,0
30,12,High School,80.51947617722918,28.355842853168756,0,20-30,29.255842853168755,0
27,15,Bachelor,60.019393726855874,23.79581811805676,0,20-30,24.60581811805676,0
55,26,PhD,66.16028728047648,29.798086184142946,0,50-60,31.448086184142944,1
57,26,PhD,72.50200206251695,31.64060061875508,1,50-60,33.35060061875508,1
59,32,High School,89.95667489783965,38.31700246935189,1,50-60,40.087002469351894,1
39,10,High School,101.09918556005361,33.45975566801608,1,30-40,34.62975566801608,1
54,16,High School,76.06723059136183,27.900169177408547,0,50-60,29.520169177408548,0
44,7,Master,68.16803381279612,22.830410143838836,0,40-50,24.150410143838837,0
54,17,Master,75.3450564848055,28.68351694544165,0,50-60,30.30351694544165,0
44,23,High School,78.87655425873837,31.842966277621514,1,40-50,33.162966277621514,1
48,26,Bachelor,66.79332374442808,29.597997123328422,0,40-50,31.037997123328424,0
37,21,Master,87.95211355912322,34.57563406773697,1,30-40,35.68563406773697,1
37,22,Master,72.30070759191402,30.280212277574208,1,30-40,31.390212277574207,0
21,7,Bachelor,74.97743089091394,25.26322926727418,0,20-30,25.89322926727418,0
54,14,Bachelor,76.65924252054461,27.57777275616338,0,50-60,29.19777275616338,0
35,15,Bachelor,74.21586610614456,27.814759831843364,0,30-40,28.864759831843365,0
55,7,High School,78.38940500469613,24.96682150140884,0,50-60,26.61682150140884,0
52,9,Bachelor,63.82746813453077,21.788240440359232,0,50-60,23.34824044035923,0
23,8,Bachelor,64.4169824605397,22.435094738161908,0,20-30,23.12509473816191,0
52,23,Master,58.99845767028305,26.23953730108492,0,50-60,27.799537301084918,0
33,29,Bachelor,74.39501230620226,33.52850369186068,1,30-40,34.51850369186068,1
40,18,Master,77.78936503512114,30.236809510536343,1,30-40,31.436809510536342,1
39,31,High School,74.57772866151886,33.903318598455655,1,30-40,35.07331859845566,1
27,30,Bachelor,86.74492433347537,37.81347730004261,1,20-30,38.62347730004261,1
26,39,High School,69.94403981170953,36.10321194351286,1,20-30,36.88321194351286,1
22,35,High School,76.68741655592513,36.64622496677754,1,20-30,37.306224966777535,1
36,18,Master,59.08299123860686,24.744897371582056,0,30-40,25.824897371582054,0
52,39,PhD,66.12900297525599,35.07870089257679,1,50-60,36.63870089257679,1
31,17,High School,76.95537757565778,29.256613272697333,0,30-40,30.186613272697333,0
41,14,Bachelor,78.49102110743144,28.517306332229428,0,40-50,29.747306332229428,0
41,31,Master,67.06033052335818,32.18809915700746,1,40-50,33.418099157007454,1
49,24,High School,69.28400748141934,29.215202244425804,0,40-50,30.685202244425803,0
57,35,Bachelor,54.821262533191906,29.33637875995757,0,50-60,31.04637875995757,0
57,34,Master,66.42970799193391,32.718912397580176,1,50-60,34.42891239758018,1
27,3,Bachelor,78.90383163519786,24.66114949055936,0,20-30,25.47114949055936,0
46,37,High School,75.75205016106567,36.4456150483197,1,40-50,37.825615048319705,1
46,26,Bachelor,75.00665721381209,32.12199716414363,1,40-50,33.50199716414363,1
53,23,Master,70.49773687180961,29.659321061542883,0,50-60,31.249321061542883,0
40,39,Bachelor,70.07063158628176,36.021189475884526,1,30-40,37.22118947588453,1
49,15,High School,63.39678860526553,23.84903658157966,0,40-50,25.31903658157966,0
52,4,Master,76.98828420202534,24.036485260607602,0,50-60,25.5964852606076,0
47,29,High School,74.20972944389389,32.752918833168174,1,40-50,34.16291883316817,1
52,22,Master,74.92018847992799,30.6160565439784,1,50-60,32.1760565439784,1
24,25,High School,64.7396515733242,29.00189547199726,0,20-30,29.721895471997257,0
38,13,PhD,48.46657080128756,19.799971240386267,0,30-40,20.939971240386267,0
23,18,Bachelor,80.97152711753695,31.401458135261084,1,20-30,32.091458135261085,1
54,33,Bachelor,65.21162543991596,31.74348763197479,1,50-60,33.36348763197479,1
36,16,High School,61.372242359568794,24.031672707870634,0,30-40,25.111672707870635,0
47,2,Bachelor,76.93478911913994,23.07043673574198,0,40-50,24.48043673574198,0
49,35,Master,66.07987360080871,33.253962080242616,1,40-50,34.723962080242615,1
48,34,PhD,80.59936384046622,37.53980915213987,1,40-50,38.979809152139865,1
25,30,Bachelor,76.17005949576698,34.70101784873009,1,20-30,35.45101784873009,1
54,13,Bachelor,76.83569323200477,27.23070796960143,0,50-60,28.85070796960143,0
56,13,Master,56.340442887994655,21.322132866398398,0,50-60,23.002132866398398,0
43,18,Master,82.11943985386401,31.445831956159203,1,40-50,32.7358319561592,1
48,32,Bachelor,72.61250531233856,33.74375159370157,1,40-50,35.183751593701565,1
50,32,Bachelor,66.30722860753797,31.79216858226139,1,40-50,33.29216858226139,1
54,35,Bachelor,71.43388467342251,34.410165402026756,1,50-60,36.03016540202675,1
52,39,Bachelor,52.2376476710168,30.311294301305043,1,50-60,31.871294301305042,1
40,29,High School,74.08652811480671,32.92595843444201,1,30-40,34.12595843444201,1
51,29,Bachelor,59.706284918179286,28.581885475453788,0,50-60,30.11188547545379,0
42,16,Bachelor,56.47329714156466,22.681989142469394,0,40-50,23.941989142469396,0
52,10,Master,54.776408137821086,19.772922441346328,0,50-60,21.332922441346327,0
22,30,High School,81.12688374989925,35.978065124969774,1,20-30,36.63806512496977,1
37,25,Bachelor,63.707366063072115,28.602209818921636,0,30-40,29.712209818921636,0
44,39,Bachelor,85.337277099165,40.4811831297495,1,40-50,41.801183129749504,1
50,20,Bachelor,64.64198536947703,26.492595610843104,0,40-50,27.992595610843104,0
22,5,High School,52.926420424070535,17.51792612722116,0,20-30,18.17792612722116,0
59,1,Bachelor,58.83475560051341,16.880426680154024,0,50-60,18.650426680154023,0
43,30,Bachelor,82.35811620006939,36.01743486002081,1,40-50,37.30743486002081,1
51,3,Bachelor,68.44101822063332,20.802305466189996,0,50-60,22.332305466189997,0
41,14,Bachelor,64.51712703509399,24.325138110528197,0,40-50,25.555138110528198,0
42,30,Bachelor,71.60018225852788,32.82005467755837,1,40-50,34.080054677558365,1
21,4,Master,75.01782736167544,24.375348208502633,0,20-30,25.00534820850263,0
46,18,High School,81.1739881590246,30.472196447707383,1,40-50,31.85219644770738,1
21,37,Master,84.48499229892926,40.41549768967877,1,20-30,41.045497689678776,1
45,25,Bachelor,66.40231354210914,29.17069406263274,0,40-50,30.520694062632742,0
36,1,High School,56.73952313917962,16.641856941753886,0,30-40,17.721856941753884,0
59,15,High School,65.86534838876725,24.289604516630174,0,50-60,26.059604516630174,0
52,9,Bachelor,72.60280506582886,24.42084151974866,0,50-60,25.980841519748658,0
28,15,Master,60.36241073789389,24.168723221368165,0,20-30,25.008723221368165,0
58,24,Master,60.428490851049574,26.888547255314872,0,50-60,28.62854725531487,0
48,4,Master,73.43787881549885,23.091363644649654,0,40-50,24.531363644649655,0
45,12,Bachelor,69.5134764842955,24.904042945288644,0,40-50,26.254042945288646,0
54,37,Bachelor,70.32796995411587,34.87839098623476,1,50-60,36.49839098623476,1
44,37,High School,62.41504665299931,32.50451399589979,1,40-50,33.82451399589979,1
43,6,Bachelor,67.69599285794233,22.018797857382697,0,40-50,23.308797857382697,0
32,39,Bachelor,60.757668557316954,33.46730056719509,1,30-40,34.42730056719509,1
26,24,High School,78.90198411124787,32.79059523337436,1,20-30,33.57059523337436,1
55,11,High School,80.35249334723753,27.155748004171258,0,50-60,28.805748004171257,0
39,13,Bachelor,51.53812137761906,20.09143641328572,0,30-40,21.26143641328572,0
20,34,Master,60.7048913980759,32.11146741942277,1,,32.711467419422775,1
27,25,PhD,55.03470744909921,26.900412234729764,0,20-30,27.710412234729763,0
35,7,PhD,63.49976065593102,21.999928196779305,0,30-40,23.049928196779305,0
33,4,Bachelor,69.16562030209639,21.959686090628917,0,30-40,22.949686090628916,0
31,8,Bachelor,55.5035478030147,19.52106434090441,0,30-40,20.45106434090441,0
42,20,Bachelor,60.78140186874687,25.57442056062406,0,40-50,26.83442056062406,0
34,29,Master,59.960426279185015,29.468127883755503,0,30-40,30.488127883755503,0
47,10,High School,72.07267329398944,24.511801988196833,0,40-50,25.921801988196833,0
53,34,Bachelor,70.6934433703625,33.81803301110875,1,50-60,35.40803301110875,1
21,26,Master,62.78262446662747,29.50478733998824,0,20-30,30.13478733998824,0
51,3,Bachelor,71.76820872139398,21.80046261641819,0,50-60,23.330462616418192,0
42,6,Bachelor,64.53319915412735,21.099959746238202,0,40-50,22.359959746238204,0
41,5,Bachelor,67.28344889673947,21.555034669021843,0,40-50,22.785034669021844,0
44,5,High School,86.73452090298537,27.000356270895608,0,40-50,28.32035627089561,0
41,23,Bachelor,83.40461051790348,33.59138315537105,1,40-50,34.821383155371045,1
41,9,Bachelor,57.004187630724026,20.071256289217207,0,40-50,21.301256289217207,0
25,35,High School,78.29732417879174,37.039197253637525,1,20-30,37.789197253637525,1
34,20,High School,78.11396554491593,30.71418966347478,1,30-40,31.73418966347478,1
56,35,Master,58.51736711247382,30.77521013374215,1,50-60,32.45521013374215,1
52,18,High School,78.1877764375486,29.39633293126458,0,50-60,30.95633293126458,0
27,17,Bachelor,85.37931918412554,32.20379575523766,1,20-30,33.01379575523766,1
24,24,High School,58.77455193755586,26.81236558126676,0,20-30,27.53236558126676,0
58,3,PhD,60.824971789857365,18.907491536957213,0,50-60,20.64749153695721,0
23,32,High School,80.17661466843502,36.46298440053051,1,20-30,37.15298440053051,1
25,35,Bachelor,72.71495310825648,35.66448593247694,1,20-30,36.41448593247694,1
51,38,Master,75.51476275239523,37.22442882571857,1,50-60,38.75442882571857,1
49,13,Master,73.40589216400497,26.65176764920149,0,40-50,28.121767649201487,0
54,25,High School,73.90695920928144,30.852087762784432,1,50-60,32.47208776278443,1
59,9,Master,56.73527871688917,19.750583615066752,0,50-60,21.52058361506675,0
35,4,Bachelor,80.47317706621449,25.291953119864345,0,30-40,26.341953119864346,0
32,14,Bachelor,81.69589992427774,29.74876997728332,0,30-40,30.70876997728332,0
49,37,High School,67.70609255931973,33.94182776779592,1,40-50,35.41182776779592,1
38,34,High School,69.56523050186138,33.62956915055841,1,30-40,34.76956915055841,1
36,11,Master,54.68892497444278,20.62667749233283,0,30-40,21.706677492332833,0
38,3,Bachelor,75.14254756017834,23.202764268053503,0,30-40,24.342764268053504,0
47,28,Bachelor,75.72057441714144,33.10617232514244,1,40-50,34.516172325142435,1
45,29,Master,69.37808983000689,31.963426949002063,1,40-50,33.313426949002064,1
56,9,Master,81.24353359870503,27.19306007961151,0,50-60,28.87306007961151,0
45,3,High School,66.6592276902006,20.147768307060176,0,40-50,21.497768307060177,0
42,25,Bachelor,75.646059258936,32.0338177776808,1,40-50,33.2938177776808,1
28,34,High School,59.80335661307885,31.001006983923656,1,20-30,31.841006983923656,1
31,12,Master,69.76447849125762,25.69934354737729,0,30-40,26.62934354737729,0
20,9,Bachelor,68.25645742097164,24.07693722629149,0,,24.676937226291493,0
20,15,PhD,72.25307922040942,28.275923766122823,0,,28.875923766122824,0
53,25,High School,66.30473071166642,28.601419213499927,0,50-60,30.191419213499927,0
51,5,High School,68.68527404328333,21.375582212984998,0,50-60,22.905582212985,0
44,11,High School,78.26047171441506,26.858141514324515,0,40-50,28.178141514324516,0
59,34,High School,65.63235762761782,31.819707288285347,1,50-60,33.58970728828535,1
20,24,High School,53.93422899261321,25.480268697783963,0,,26.080268697783964,0
35,15,PhD,87.4958390420542,32.39875171261626,1,30-40,33.44875171261626,1
58,38,High School,83.81454078690487,38.904362236071464,1,50-60,40.644362236071466,1
24,8,High School,57.07737304894381,19.903211914683144,0,20-30,20.623211914683143,0
41,5,Master,76.89707805245195,24.73912341573558,0,40-50,25.96912341573558,0
48,26,Bachelor,64.97025229448657,29.051075688345968,0,40-50,30.49107568834597,0
22,18,Master,72.6348721533106,29.230461645993177,0,20-30,29.890461645993177,0
31,6,High School,72.94224129013493,23.65267238704048,0,30-40,24.58267238704048,0
45,37,Bachelor,67.65592199683678,34.34677659905103,1,40-50,35.696776599051034,1
35,13,High School,62.16234334413603,23.098703003240807,0,30-40,24.148703003240808,0
56,28,High School,63.094589476837406,28.748376843051226,0,50-60,30.428376843051225,0
41,5,PhD,60.83808084518758,20.221424253556272,0,40-50,21.451424253556272,0
48,13,High School,61.681777917695555,22.564533375308663,0,40-50,24.004533375308664,0
33,17,Bachelor,69.32821709950645,27.208465129851934,0,30-40,28.198465129851932,0
47,32,Bachelor,62.842400108892484,30.842720032667746,1,40-50,32.252720032667746,1
24,29,Bachelor,76.8205206571262,34.52615619713786,1,20-30,35.24615619713786,1
49,3,Master,84.87246155335927,26.091738466007783,0,40-50,27.56173846600778,0
24,34,High School,64.19946758629958,32.43984027588988,1,20-30,33.15984027588988,1
31,27,Bachelor,72.39404500535377,32.188213501606135,1,30-40,33.118213501606135,1
35,13,PhD,74.99685110302934,27.8490553309088,0,30-40,28.8990553309088,0
45,33,Bachelor,74.72002270919275,34.866006812757824,1,40-50,36.216006812757826,1
45,6,PhD,70.75955267916088,23.477865803748262,0,40-50,24.827865803748264,0
40,24,High School,77.42682418359722,31.928047255079168,1,30-40,33.12804725507917,1
58,19,Bachelor,74.82248952680658,28.906746858041974,0,50-60,30.646746858041972,0
55,16,High School,57.62337577672702,22.337012733018106,0,50-60,23.987012733018105,0
52,28,Master,78.69156064389273,34.14746819316782,1,50-60,35.70746819316782,1
49,33,PhD,78.87290837266742,36.591872511800226,1,40-50,38.061872511800225,1
56,13,High School,62.367138958214184,22.530141687464255,0,50-60,24.210141687464255,0
42,25,Bachelor,70.37937835447602,30.4538135063428,1,40-50,31.713813506342802,1
29,36,High School,76.83328992811069,36.87998697843321,1,20-30,37.749986978433206,1
24,27,Bachelor,67.90686180420639,31.052058541261914,1,20-30,31.772058541261913,1
55,38,Bachelor,80.72978047766011,38.368934143298034,1,50-60,40.01893414329803,1
53,7,PhD,93.6387249461936,30.50161748385808,1,50-60,32.09161748385808,1
50,5,Bachelor,62.140139673650175,19.742041902095053,0,40-50,21.242041902095053,0
29,31,Bachelor,56.18955396846225,28.986866190538674,0,20-30,29.856866190538675,0
38,23,High School,73.03818595604876,30.271455786814627,1,30-40,31.411455786814628,1
51,10,High School,77.21562505126144,25.93468751537843,0,50-60,27.464687515378433,0
20,32,High School,67.69133626155231,32.80740087846569,1,,33.407400878465694,1
24,30,High School,84.53260663321035,36.93978198996311,1,20-30,37.65978198996311,1
23,39,Master,56.613942002767516,32.794182600830254,1,20-30,33.48418260083025,1
35,31,Bachelor,76.9291862303161,35.02875586909484,1,30-40,36.078755869094834,1
43,18,Bachelor,63.94139179241107,25.692417537723323,0,40-50,26.98241753772332,0
35,36,High School,87.19377906207296,39.80813371862189,1,30-40,40.858133718621886,1
21,2,Master,89.92515353168119,28.047546059504356,0,20-30,28.677546059504355,0
47,14,Master,62.33343412216652,23.790030236649955,0,40-50,25.200030236649955,0
51,13,High School,64.5044286409142,23.32132859227426,0,50-60,24.85132859227426,0
46,29,Master,78.59587886979801,34.698763660939406,1,40-50,36.07876366093941,1
39,12,Bachelor,66.12869350210485,24.068608050631454,0,30-40,25.238608050631456,0
43,39,High School,69.54588782067762,35.473766346203284,1,40-50,36.76376634620328,1
31,2,Bachelor,70.2538842054241,21.546165261627227,0,30-40,22.476165261627226,0
54,32,Bachelor,50.80326843802344,27.02098053140703,0,50-60,28.64098053140703,0
52,13,High School,69.86162253905762,24.898486761717287,0,50-60,26.458486761717285,0
52,27,PhD,63.10272225935826,29.37081667780748,0,50-60,30.930816677807478,0
56,17,Master,65.06877177600228,25.54063153280068,0,50-60,27.22063153280068,0
31,31,Bachelor,84.43632003468814,37.40089601040644,1,30-40,38.33089601040644,1
22,34,Bachelor,57.434931057207436,30.77047931716223,1,20-30,31.43047931716223,1
20,24,Bachelor,78.13205186747977,33.03961556024393,1,,33.63961556024393,1
52,35,Bachelor,67.21037069668192,33.203111209004575,1,50-60,34.76311120900458,1
59,6,Bachelor,67.20239831504166,21.3907194945125,0,50-60,23.1607194945125,0
29,19,High School,77.90371896051711,30.401115688155134,1,20-30,31.271115688155135,0
48,30,Bachelor,73.4005129456889,33.18015388370667,1,40-50,34.62015388370667,1
32,7,Master,75.70612997219531,25.45183899165859,0,30-40,26.41183899165859,0
31,10,Bachelor,79.68184660532862,27.574553981598584,0,30-40,28.504553981598583,0
50,32,High School,66.68691616816677,31.606074850450028,1,40-50,33.10607485045003,1
21,34,Master,63.8776326549225,33.03328979647675,1,20-30,33.663289796476754,1
54,28,High School,59.148494734422016,27.624548420326608,0,50-60,29.24454842032661,0
42,15,High School,61.74589470021045,23.563768410063133,0,40-50,24.823768410063135,0
36,30,High School,99.49094425308725,41.06728327592617,1,30-40,42.14728327592617,1
45,37,Bachelor,82.44679580736786,38.784038742210356,1,40-50,40.13403874221036,1
27,29,Master,56.489256337919784,28.636776901375935,0,20-30,29.446776901375934,0
48,22,Bachelor,56.775420432564296,24.992626129769288,0,40-50,26.43262612976929,0
45,4,High School,74.81866061718492,22.995598185155472,0,40-50,24.345598185155474,0
29,20,Master,75.47264797377967,30.6717943921339,1,20-30,31.5417943921339,1
45,32,Master,75.48883835317365,34.996651505952094,1,40-50,36.346651505952096,1
53,36,Master,67.45044206446302,33.94513261933891,1,50-60,35.53513261933891,1
26,4,High School,68.745457399971,21.743637219991296,0,20-30,22.523637219991297,0
23,27,Bachelor,73.27879524159357,32.69363857247807,1,20-30,33.38363857247807,1
30,17,PhD,70.85893006293331,28.357679018879995,0,20-30,29.257679018879994,0
48,12,Master,47.80699627252465,18.602098881757396,0,40-50,20.042098881757397,0
55,22,High School,67.70200369424806,27.76060110827442,0,50-60,29.41060110827442,0
44,17,High School,61.485935657396865,24.22578069721906,0,40-50,25.54578069721906,0
40,10,Bachelor,71.75211418908512,24.925634256725534,0,30-40,26.125634256725533,0
55,1,PhD,99.85259002603411,29.905777007810233,0,50-60,31.55577700781023,1
29,22,Bachelor,73.67481665474304,30.632444996422908,1,20-30,31.50244499642291,1
56,26,Bachelor,66.86470313827603,29.379410941482806,0,50-60,31.059410941482806,0
28,18,High School,79.21801501977252,30.425404505931755,1,20-30,31.265404505931755,0
43,14,Bachelor,74.82687887209212,27.358063661627636,0,40-50,28.648063661627635,0
54,29,Master,74.20094490451841,33.140283471355524,1,50-60,34.76028347135552,1
54,12,Bachelor,76.06850593215671,26.60055177964701,0,50-60,28.22055177964701,0
55,36,Master,90.56543564829542,40.81963069448863,1,50-60,42.46963069448863,1
37,35,PhD,58.69111564674084,31.697334694022253,1,30-40,32.80733469402225,1
58,12,High School,74.73632076811454,25.780896230434365,0,50-60,27.520896230434364,0
51,7,Bachelor,60.73618870018461,20.090856610055383,0,50-60,21.620856610055384,0
43,29,High School,75.55512646342248,33.276537939026746,1,40-50,34.566537939026745,1
42,11,Master,60.81313488513906,22.283940465541715,0,40-50,23.543940465541716,0
51,33,Bachelor,65.82633186394915,32.01789955918474,1,50-60,33.54789955918474,1
56,6,Bachelor,67.04910085762094,21.434730257286283,0,50-60,23.114730257286283,0
31,15,Master,79.7581671934471,29.897450158034125,0,30-40,30.827450158034125,0
32,32,Bachelor,79.18454443942414,36.195363331827245,1,30-40,37.155363331827246,1
42,11,PhD,57.542826235536154,21.602847870660845,0,40-50,22.862847870660847,0
44,23,Bachelor,70.5493411099985,29.644802332999546,0,40-50,30.964802332999547,0
54,26,High School,62.904201452508275,27.951260435752484,0,50-60,29.571260435752485,0
49,34,Bachelor,57.414950893246655,29.954485267974,0,40-50,31.424485267974,1
36,34,Master,67.8298294957563,33.76894884872689,1,30-40,34.84894884872689,1
39,29,Bachelor,66.9151721154418,31.104551634632543,1,30-40,32.274551634632545,1
44,4,Master,94.26716486345522,29.460149459036565,0,40-50,30.780149459036565,0
41,17,PhD,74.32959825360696,29.06887947608209,0,40-50,30.29887947608209,0
32,35,High School,56.22382499245763,30.20714749773729,0,30-40,31.16714749773729,0
38,13,PhD,64.35225995829057,24.56567798748717,0,30-40,25.70567798748717,0
55,39,High School,80.21383295429399,38.3141498862882,1,50-60,39.9641498862882,1
31,15,High School,90.88442772869925,32.63532831860977,1,30-40,33.56532831860977,1
38,29,High School,54.140166877620416,27.002050063286127,0,30-40,28.142050063286128,0
31,29,Master,51.20075614860955,26.93022684458287,0,30-40,27.86022684458287,0
28,11,Bachelor,88.70965175371782,30.772895526115345,1,20-30,31.612895526115345,1
26,32,High School,73.89614177370903,34.48884253211271,1,20-30,35.268842532112714,1
47,2,Bachelor,61.31707268123633,18.385121804370897,0,40-50,19.795121804370897,0
33,14,Bachelor,75.34629086122435,27.813887258367306,0,30-40,28.803887258367304,0
50,20,High School,43.642522609831225,19.89275678294937,0,40-50,21.39275678294937,0
38,22,Master,70.0337550659716,29.57012651979148,0,30-40,30.71012651979148,0
35,11,Master,73.27821172843085,26.233463518529252,0,30-40,27.283463518529253,0
24,27,Bachelor,79.24270139537829,34.45281041861349,1,20-30,35.17281041861349,1
54,3,PhD,59.861040477074624,18.73831214312239,0,50-60,20.35831214312239,0
31,17,Bachelor,70.8568716140336,27.727061484210076,0,30-40,28.657061484210075,0
44,28,PhD,60.74575373940413,29.303726121821235,0,40-50,30.623726121821235,0
40,29,Bachelor,72.55383755674318,32.76615126702295,1,30-40,33.96615126702295,1
55,21,Bachelor,61.046536776369756,25.663961032910926,0,50-60,27.313961032910925,0
42,16,High School,65.91899160839779,25.215697482519335,0,40-50,26.475697482519337,0
35,37,Master,60.04184605209771,32.662553815629316,1,30-40,33.71255381562931,1
58,20,Bachelor,76.51136241823657,29.813408725470975,0,50-60,31.553408725470973,1
58,6,High School,78.58451116656666,24.53535334997,0,50-60,26.275353349969997,0
33,19,High School,67.65379430042586,27.206138290127758,0,30-40,28.196138290127756,0
50,5,Bachelor,70.38237994960028,22.214713984880085,0,40-50,23.714713984880085,0
24,3,Bachelor,55.51408585366456,17.73422575609937,0,20-30,18.45422575609937,0
54,1,Master,67.00323351993212,19.780970055979637,0,50-60,21.400970055979638,0
42,38,Master,69.49795382958256,35.68938614887477,1,40-50,36.949386148874765,1
48,15,High School,96.20793091029975,33.72237927308993,1,40-50,35.162379273089925,1
30,34,Master,58.88032974225836,31.264098922677512,1,20-30,32.16409892267751,1
37,35,High School,84.64177238752437,38.58253171625731,1,30-40,39.69253171625731,1
31,25,Master,79.96858773465809,33.96057632039743,1,30-40,34.89057632039743,1
28,24,Master,72.80636404490136,31.50190921347041,1,20-30,32.34190921347041,1
29,12,Bachelor,87.58620484195133,30.8058614525854,1,20-30,31.6758614525854,1
36,18,Master,73.72105472606863,29.136316417820588,0,30-40,30.216316417820586,0
57,15,Bachelor,73.89159195667929,27.05747758700379,0,50-60,28.76747758700379,0
26,16,Bachelor,69.46879346982455,27.060638040947364,0,20-30,27.840638040947365,0
32,27,Master,82.23568882418627,35.41070664725588,1,30-40,36.37070664725588,1
59,8,Bachelor,80.96469233810883,26.31940770143265,0,50-60,28.08940770143265,0
28,25,Bachelor,63.743227125037876,28.88296813751136,0,20-30,29.72296813751136,0
46,17,Bachelor,56.80752805401232,23.0622584162037,0,40-50,24.4422584162037,0
21,29,Master,67.97019362604343,32.261058087813026,1,20-30,32.89105808781303,1
24,8,Bachelor,61.999614356023535,21.67988430680706,0,20-30,22.39988430680706,0
48,15,High School,69.36475425384644,25.66942627615393,0,40-50,27.109426276153933,0
56,27,Master,82.37438134684139,34.73231440405242,1,50-60,36.41231440405242,1
57,7,Master,65.4269834491321,21.618095034739625,0,50-60,23.328095034739626,0
38,3,High School,69.57176618688425,21.231529856065272,0,30-40,22.371529856065273,0
27,29,High School,70.58022734808395,32.264068204425186,1,20-30,33.07406820442519,1
20,24,High School,78.48430882205285,32.84529264661585,1,,33.445292646615854,1
41,3,Bachelor,47.531106660153945,14.829331998046182,0,40-50,16.059331998046183,0
36,20,Bachelor,63.932997052347034,26.699899115704113,0,30-40,27.77989911570411,0
26,15,Master,72.11283692279473,27.753851076838416,0,20-30,28.533851076838417,0
44,25,Bachelor,82.00078956426862,33.88023686928058,1,40-50,35.20023686928058,1
23,30,Bachelor,65.08097552493795,31.434292657481382,1,20-30,32.124292657481384,1
55,14,Bachelor,51.23447293958126,19.92034188187438,0,50-60,21.570341881874377,0
25,7,Master,76.19711445966136,25.809134337898406,0,20-30,26.559134337898406,0
50,17,Bachelor,63.646376111743706,24.99391283352311,0,40-50,26.49391283352311,0
38,20,PhD,58.103333409096386,25.491000022728915,0,30-40,26.631000022728916,0
58,36,Bachelor,63.75654610286776,32.386963830860324,1,50-60,34.126963830860326,1
46,9,High School,68.15474642344151,22.96642392703245,0,40-50,24.34642392703245,0
29,38,Bachelor,63.95255335461787,34.115766006385364,1,20-30,34.98576600638536,1
45,22,Bachelor,47.94433942900931,22.433301828702792,0,40-50,23.783301828702793,0
38,2,Bachelor,78.97066196887133,23.951198590661395,0,30-40,25.091198590661396,0
58,24,High School,82.74875041278722,32.98462512383616,1,50-60,34.72462512383616,1
22,8,High School,76.51521991339506,25.794565974018518,0,20-30,26.454565974018518,0
32,11,Master,58.62314329575183,21.92694298872555,0,30-40,22.88694298872555,0
47,13,High School,67.98508466052482,24.485525398157446,0,40-50,25.895525398157446,0
39,17,Master,69.93478684770542,27.510436054311626,0,30-40,28.680436054311627,0
47,8,High School,75.9879438956191,24.88638316868573,0,40-50,26.29638316868573,0
27,21,Bachelor,76.68340488718081,31.195021466154248,1,20-30,32.00502146615425,1
58,18,Bachelor,62.65826201221504,24.857478603664514,0,50-60,26.597478603664513,0
20,30,Bachelor,70.8199555641356,33.24598666924068,1,,33.84598666924068,1
22,18,Bachelor,74.57280404615241,29.511841213845724,0,20-30,30.171841213845724,0
32,31,High School,84.55822322146767,37.1074669664403,1,30-40,38.0674669664403,1
47,38,High School,77.04506539824723,37.20351961947417,1,40-50,38.61351961947417,1
44,32,Bachelor,77.89056687375519,35.44717006212656,1,40-50,36.76717006212656,1
52,11,Bachelor,70.8382662792936,24.691479883788084,0,50-60,26.251479883788083,0
57,25,PhD,84.10459145203504,34.72137743561051,1,50-60,36.431377435610514,1
25,33,Master,74.09762795959497,35.57928838787849,1,20-30,36.32928838787849,1
51,38,Master,61.389120898264295,32.98673626947929,1,50-60,34.51673626947929,1
40,8,Master,84.0336997012519,28.110109910375574,0,30-40,29.310109910375573,0
35,11,Bachelor,76.97903272539028,27.043709817617085,0,30-40,28.093709817617086,0
40,22,High School,65.56955978871518,27.570867936614555,0,30-40,28.770867936614554,0
30,24,PhD,65.20507032600757,29.461521097802272,0,20-30,30.36152109780227,0
56,17,Bachelor,72.96575545140762,27.609726635422284,0,50-60,29.289726635422284,0
55,12,Bachelor,74.63184795267584,26.139554385802754,0,50-60,27.789554385802752,0
54,32,High School,71.97292265631206,33.071876796893626,1,50-60,34.691876796893624,1
38,15,Bachelor,73.11308673442885,27.39392602032865,0,30-40,28.53392602032865,0
39,16,Bachelor,86.99957374576381,31.92987212372914,1,30-40,33.09987212372914,1
37,22,Master,80.71543152234885,32.80462945670465,1,30-40,33.91462945670465,1
33,28,Bachelor,71.90635591265024,32.38190677379507,1,30-40,33.371906773795075,1
34,20,Bachelor,79.41310580767484,31.40393174230245,1,30-40,32.42393174230245,1
50,33,PhD,59.674760964724605,30.802428289417378,1,40-50,32.30242828941738,1
20,10,High School,73.97927049946809,25.893781149840425,0,,26.493781149840427,0
22,32,Bachelor,88.0930634973311,39.167919049199334,1,20-30,39.82791904919933,1
35,33,High School,67.81954104607627,32.79586231382289,1,30-40,33.845862313822884,1
42,2,Master,61.52366071380915,18.89709821414274,0,40-50,20.157098214142742,0
30,33,PhD,63.47911111406939,32.54373333422082,1,20-30,33.443733334220816,1
31,33,High School,59.103669626576114,30.301100887972837,1,30-40,31.231100887972836,0
29,13,Master,62.15238091872297,23.87571427561689,0,20-30,24.74571427561689,0
51,30,High School,66.2949190140997,30.658475704229915,1,50-60,32.188475704229916,1
35,33,PhD,55.94432980821358,30.133298942464076,0,30-40,31.183298942464077,0
27,13,Master,70.15618333949602,26.336855001848807,0,20-30,27.146855001848806,0
57,26,Master,79.02277173786648,33.29683152135994,1,50-60,35.00683152135994,1
31,22,High School,60.9224381985308,26.446731459559242,0,30-40,27.37673145955924,0
43,39,PhD,85.19283923641768,41.06785177092531,1,40-50,42.35785177092531,1
47,2,Master,75.10792088527595,22.822376265582783,0,40-50,24.232376265582783,0
27,38,Bachelor,80.30580585624057,39.08174175687217,1,20-30,39.89174175687217,1
47,39,Master,63.42165446147863,34.116496338443596,1,40-50,35.52649633844359,1
55,26,High School,78.54525227066615,32.61357568119985,1,50-60,34.263575681199846,1
45,15,Master,59.08066099604687,23.274198298814063,0,40-50,24.624198298814065,0
27,34,High School,78.90247500836509,36.76074250250953,1,20-30,37.57074250250953,1
47,11,Master,71.71839339793532,25.405518019380594,0,40-50,26.815518019380594,0
47,3,Bachelor,75.53251219984784,23.04975365995435,0,40-50,24.45975365995435,0
56,6,High School,58.24405394375148,18.493216183125444,0,50-60,20.173216183125444,0
55,9,High School,61.049301577233955,20.564790473170184,0,50-60,22.214790473170183,0
46,6,High School,75.97228218253385,24.111684654760154,0,40-50,25.491684654760153,0
36,9,Bachelor,60.51651995775799,21.274955987327395,0,30-40,22.354955987327397,0
28,39,Bachelor,74.63206292099123,37.74961887629737,1,20-30,38.58961887629737,1
52,31,Bachelor,56.32862193539754,28.338586580619264,0,50-60,29.898586580619263,0
39,32,High School,78.48174212666669,35.47452263800001,1,30-40,36.64452263800001,1
32,12,High School,57.67476685231491,21.442430055694473,0,30-40,22.402430055694474,0
47,8,Master,75.52299937679524,25.346899813038572,0,40-50,26.756899813038572,0
48,8,High School,76.25630933646,24.936892800938,0,40-50,26.376892800938002,0
32,28,PhD,63.03228181570425,30.349684544711273,1,30-40,31.309684544711274,0
54,20,Master,75.82026567084726,30.02607970125418,0,50-60,31.64607970125418,1
25,7,Bachelor,72.60442263333556,24.431326790000668,0,20-30,25.181326790000668,0
37,11,Bachelor,64.61158143807262,23.273474431421786,0,30-40,24.383474431421785,0
24,20,Master,59.91445315923792,26.15433594777138,0,20-30,26.874335947771378,0
44,16,High School,50.373743083274206,20.49212292498226,0,40-50,21.812122924982262,0
21,4,High School,73.49650047299694,23.31895014189908,0,20-30,23.94895014189908,0
29,6,High School,54.35197228637945,18.135591685913834,0,20-30,19.005591685913835,0
49,22,Master,70.95344199441308,29.516032598323925,0,40-50,30.986032598323924,0
24,26,High School,67.36551783917751,30.189655351753252,0,20-30,30.90965535175325,0
52,3,Bachelor,76.79142775438196,23.27742832631459,0,50-60,24.837428326314587,0
20,14,PhD,66.97954500510136,26.293863501530407,0,,26.893863501530408,0
37,11,Master,66.70552213652908,24.201656640958724,0,30-40,25.311656640958724,0
51,18,Bachelor,77.31870704288295,29.465612112864882,0,50-60,30.995612112864883,0
30,12,High School,73.35058029084118,26.205174087252356,0,20-30,27.105174087252355,0
40,23,Master,73.16155957182778,30.84846787154834,1,30-40,32.04846787154834,1
45,12,Bachelor,74.69267589808526,26.457802769425577,0,40-50,27.807802769425578,0
44,13,High School,54.644278767928945,20.573283630378683,0,40-50,21.893283630378683,0
41,25,High School,77.56788679986983,32.34036603996095,1,40-50,33.570366039960945,1
46,19,PhD,76.12468794013603,30.25740638204081,1,40-50,31.63740638204081,1
32,36,Bachelor,59.83316871423503,31.989950614270505,1,30-40,32.949950614270506,1
52,8,Master,67.55919526325799,22.807758578977396,0,50-60,24.367758578977394,0
53,29,Master,69.6069271237237,31.792078137117112,1,50-60,33.38207813711711,1
54,32,Bachelor,68.65503215598267,32.3765096467948,1,50-60,33.9965096467948,1
20,18,Bachelor,73.33859966568535,29.201579899705603,0,,29.801579899705605,0
40,6,Bachelor,84.31366781831184,27.09410034549355,0,30-40,28.29410034549355,0
25,18,Bachelor,80.81766727672829,31.295300183018483,1,20-30,32.04530018301848,1
47,19,Bachelor,56.87780806568594,23.85334241970578,0,40-50,25.26334241970578,0
36,22,Master,76.22069990306049,31.486209970918146,1,30-40,32.566209970918145,1
24,37,Bachelor,83.28933319535409,39.66679995860623,1,20-30,40.386799958606225,1
50,32,Master,73.86808520689203,34.36042556206761,1,40-50,35.86042556206761,1
24,3,Bachelor,80.90980425185967,25.352941275557903,0,20-30,26.072941275557902,0
57,28,Bachelor,90.12270445700766,37.126811337102296,1,50-60,38.8368113371023,1
22,10,Bachelor,80.23709546106981,28.011128638320944,0,20-30,28.671128638320944,0
42,35,Bachelor,72.49308595641729,35.08792578692519,1,40-50,36.34792578692519,1
56,29,Master,80.45088474084753,34.95526542225426,1,50-60,36.63526542225426,1
56,15,High School,71.44887833096891,26.054663499290672,0,50-60,27.734663499290672,0
29,33,Bachelor,70.23903043284956,34.001709129854866,1,20-30,34.871709129854864,1
29,7,High School,66.48585764286267,22.1757572928588,0,20-30,23.045757292858802,0
38,12,Bachelor,85.63413358832108,29.95024007649632,0,30-40,31.090240076496322,0
36,30,Bachelor,61.81571334057999,30.064714002174,0,30-40,31.144714002174,0
40,21,Bachelor,85.32367724678116,33.39710317403434,1,30-40,34.597103174034345,1
33,31,PhD,74.99864123740372,35.10959237122111,1,30-40,36.099592371221114,1
28,24,Bachelor,56.006938251980586,26.162081475594174,0,20-30,27.002081475594174,0
20,20,Master,73.67649292991422,30.402947878974267,1,,31.00294787897427,0
32,37,Bachelor,48.99973492348376,29.139920477045123,0,30-40,30.099920477045124,0
23,4,Bachelor,76.25508016831036,24.386524050493104,0,20-30,25.076524050493106,0
20,28,High School,78.8523148298899,34.555694448966975,1,,35.155694448966976,1
59,20,High School,64.07644044347947,25.752932133043842,0,50-60,27.52293213304384,0
51,24,Bachelor,71.23547695955583,30.040643087866748,0,50-60,31.57064308786675,1
53,32,Bachelor,89.54157433750287,38.67247230125086,1,50-60,40.26247230125086,1
47,36,High School,64.94253295738064,32.77275988721419,1,40-50,34.18275988721419,1
50,34,High School,59.410924129433994,30.2232772388302,1,40-50,31.7232772388302,1
27,36,High School,84.81663402462598,39.33499020738779,1,20-30,40.14499020738779,1
58,2,PhD,89.62587190530795,27.147761571592383,0,50-60,28.88776157159238,0
45,15,Bachelor,70.03695671847848,26.261087015543538,0,40-50,27.61108701554354,0
53,34,Bachelor,80.11463035408356,36.64438910622506,1,50-60,38.234389106225066,1
22,36,High School,83.41475915530881,39.06442774659265,1,20-30,39.724427746592646,1
31,6,Bachelor,62.57515767461616,20.842547302384848,0,30-40,21.772547302384847,0
20,39,High School,65.14694164632132,34.8440824938964,1,,35.4440824938964,1
24,12,High School,82.30874513154735,29.072623539464207,0,20-30,29.792623539464206,0
49,3,Bachelor,86.85014278708509,26.38504283612553,0,40-50,27.855042836125527,0
49,18,High School,75.62880860174354,28.718642580523063,0,40-50,30.188642580523062,0
36,21,High School,61.20185646497946,25.980556939493837,0,30-40,27.060556939493836,0
42,15,High School,89.87061111699441,32.001183335098325,1,40-50,33.26118333509832,1
34,33,High School,64.69029102188036,31.88708730656411,1,30-40,32.90708730656411,1
56,35,High School,66.64862218828549,32.61458665648565,1,50-60,34.29458665648565,1
40,26,Bachelor,73.42337834489622,31.827013503468866,1,30-40,33.027013503468865,1
33,8,Master,85.54160420714774,28.77248126214432,0,30-40,29.76248126214432,0
21,36,Bachelor,78.53975976552223,37.931927929656666,1,20-30,38.56192792965667,1
30,30,Bachelor,74.14865500361911,33.944596501085734,1,20-30,34.84459650108573,1
58,23,High School,74.63288530118106,30.14986559035432,0,50-60,31.88986559035432,1
57,14,PhD,70.43514668643466,26.2205440059304,0,50-60,27.9305440059304,0
53,14,Bachelor,75.58139514518507,27.28441854355552,0,50-60,28.87441854355552,0
57,2,High School,44.70439922305697,12.80131976691709,0,50-60,14.51131976691709,0
53,37,Bachelor,67.03392540930201,33.920177622790604,1,50-60,35.51017762279061,1
37,5,High School,72.4132193491678,22.91396580475034,0,30-40,24.02396580475034,0
49,38,Bachelor,58.48985916380493,31.876957749141482,1,40-50,33.34695774914148,1
34,14,Bachelor,73.8632331781156,27.33896995343468,0,30-40,28.35896995343468,0
46,39,Master,67.95528779013878,35.50658633704163,1,40-50,36.886586337041635,1
53,25,Bachelor,87.5547569831549,35.27642709494647,1,50-60,36.86642709494647,1
57,20,Master,85.73019725214857,32.90905917564457,1,50-60,34.61905917564457,1
52,2,PhD,65.34194430881837,20.04258329264551,0,50-60,21.60258329264551,0
43,39,High School,68.49162288433304,35.157486865299916,1,40-50,36.447486865299915,1
34,6,High School,69.26052434391607,22.458157303174822,0,30-40,23.47815730317482,0
49,17,Bachelor,65.48340523840378,25.575021571521134,0,40-50,27.045021571521133,0
36,25,Bachelor,71.95024984028127,31.10507495208438,1,30-40,32.18507495208438,1
24,28,Bachelor,62.4171793111241,29.805153793337233,0,20-30,30.525153793337232,0
48,2,PhD,58.693846650624735,18.168153995187417,0,40-50,19.60815399518742,0
23,35,Master,76.22711223900268,37.078133671700805,1,20-30,37.7681336717008,1
29,37,Bachelor,76.29529584221811,37.418588752665435,1,20-30,38.28858875266543,1
36,5,Bachelor,61.956842403400074,20.107052721020025,0,30-40,21.187052721020024,0
29,1,Master,78.95355430762599,24.116066292287798,0,20-30,24.9860662922878,0
36,12,PhD,63.68422270834669,24.025266812504007,0,30-40,25.105266812504006,0
39,36,Master,72.53165238037981,35.88949571411394,1,30-40,37.05949571411394,1
43,23,High School,78.20344012612456,31.67103203783737,1,40-50,32.96103203783737,1
24,31,Bachelor,69.66387435296286,33.17916230588886,1,20-30,33.89916230588886,1
53,11,High School,74.54740912141135,25.474222736423403,0,50-60,27.064222736423403,0
25,10,High School,64.83570356112428,23.00071106833728,0,20-30,23.75071106833728,0
21,3,High School,68.03533416571902,21.280600249715707,0,20-30,21.910600249715706,0
32,14,Bachelor,67.9414056911966,25.622421707358974,0,30-40,26.582421707358975,0
30,16,Bachelor,62.53421653459761,24.860264960379283,0,20-30,25.76026496037928,0
42,10,High School,68.23225836884218,23.509677510652654,0,40-50,24.769677510652656,0
35,29,Bachelor,54.51381701136253,27.504145103408757,0,30-40,28.554145103408757,0
50,10,Bachelor,65.08846252857896,22.626538758573687,0,40-50,24.126538758573687,0
30,12,Bachelor,67.15124506630329,24.64537351989099,0,20-30,25.545373519890987,0
35,30,High School,67.4382024750462,31.481460742513857,1,30-40,32.53146074251386,1
27,1,Bachelor,67.58502554129221,20.465507662387665,0,20-30,21.275507662387664,0
23,5,Master,69.38235800139871,23.02470740041961,0,20-30,23.714707400419613,0
59,20,High School,74.79441518086064,28.968324554258192,0,50-60,30.73832455425819,0
23,8,High School,78.74517074132523,26.433551222397565,0,20-30,27.123551222397566,0
44,12,Bachelor,63.50234773151733,23.130704319455198,0,40-50,24.4507043194552,0
22,1,PhD,57.967991446108556,18.330397433832566,0,20-30,18.990397433832566,0
51,20,Bachelor,59.57955587756897,24.94386676327069,0,50-60,26.473866763270692,0
22,28,Bachelor,65.12797078805073,30.67839123641522,1,20-30,31.33839123641522,0
46,37,Bachelor,66.48078682183491,33.96423604655047,1,40-50,35.34423604655047,1
48,37,Bachelor,62.30003933802543,32.65001180140763,1,40-50,34.09001180140763,1
51,12,High School,57.038833357501055,20.681650007250315,0,50-60,22.211650007250316,0
38,37,Bachelor,65.43879172525811,33.891637517577436,1,30-40,35.03163751757744,1
40,28,PhD,71.81426620113972,32.74427986034191,1,30-40,33.944279860341915,1
24,15,Bachelor,75.95029465835565,28.665088397506693,0,20-30,29.385088397506692,0
37,6,Master,64.42576946891678,21.517730840675036,0,30-40,22.627730840675035,0
47,20,Master,65.87002177856566,27.251006533569697,0,40-50,28.661006533569697,0
41,14,High School,60.733016911526896,22.88990507345807,0,40-50,24.11990507345807,0
40,2,PhD,69.68560829625224,21.705682488875674,0,30-40,22.905682488875673,0
25,9,High School,61.515713658091855,21.604714097427554,0,20-30,22.354714097427554,0
20,37,Bachelor,75.731278132412,37.5193834397236,1,,38.1193834397236,1
24,20,High School,52.14133508065889,23.222400524197667,0,20-30,23.942400524197666,0
31,26,High School,66.40370327547538,29.691110982642613,0,30-40,30.621110982642612,0
45,29,Bachelor,73.01107339191742,32.75332201757522,1,40-50,34.10332201757522,1
53,1,High School,71.83834516322504,20.661503548967513,0,50-60,22.251503548967513,0
33,35,Bachelor,96.93033663980496,42.68910099194149,1,30-40,43.67910099194149,1
45,6,Bachelor,73.49800024567908,23.69940007370372,0,40-50,25.049400073703723,0
46,37,High School,59.9594540315799,31.70783620947397,1,40-50,33.08783620947397,1
28,5,High School,69.04535752910927,22.17360725873278,0,20-30,23.01360725873278,0
45,33,Bachelor,52.23753666533548,28.121260999600644,0,40-50,29.471260999600645,0
41,14,Bachelor,69.1940025070324,25.728200752109718,0,40-50,26.958200752109718,0
49,12,Master,61.669439429992416,22.73083182899773,0,40-50,24.200831828997728,0
36,20,Bachelor,79.15390275560162,31.266170826680487,1,30-40,32.346170826680485,1
45,24,Master,64.50459725404465,28.501379176213398,0,40-50,29.8513791762134,0
55,34,Bachelor,68.83234084204753,33.19970225261426,1,50-60,34.84970225261426,1
20,25,Bachelor,63.64442158595597,29.09332647578679,0,,29.69332647578679,0
27,29,Bachelor,87.38851351853332,37.60655405555999,1,20-30,38.41655405555999,1
54,39,High School,66.78757233882088,34.316271701646265,1,50-60,35.93627170164626,1
34,31,Bachelor,88.32557043479201,38.4776711304376,1,30-40,39.4976711304376,1
41,23,Master,78.14151762118267,32.312455286354805,1,40-50,33.5424552863548,1
33,38,Bachelor,74.82066727335386,37.25620018200616,1,30-40,38.24620018200616,1
45,20,Master,73.68733147317519,29.65619944195256,0,40-50,31.00619944195256,0
47,23,Master,73.93797298216252,30.871391894648756,1,40-50,32.281391894648756,1
42,16,Master,50.7232742065439,21.25698226196317,0,40-50,22.51698226196317,0
33,8,PhD,67.21116605849244,23.573349817547733,0,30-40,24.56334981754773,0
43,21,Bachelor,78.45157971184321,31.245473913552964,1,40-50,32.53547391355296,1
21,1,Bachelor,69.51102816525895,21.223308449577686,0,20-30,21.853308449577685,0
45,8,Bachelor,55.94810153196425,19.234430459589273,0,40-50,20.584430459589274,0
33,29,Bachelor,69.4759554942253,32.05278664826759,1,30-40,33.042786648267594,1
26,32,Bachelor,87.04105516255491,38.73231654876647,1,20-30,39.51231654876647,1
22,38,Master,82.4689171553472,40.18067514660416,1,20-30,40.840675146604156,1
42,5,Bachelor,69.37995990633968,22.153987971901902,0,40-50,23.413987971901904,0
37,22,Bachelor,79.51449277058087,32.144347831174265,1,30-40,33.254347831174265,1
57,34,High School,66.33492979631949,32.09047893889585,1,50-60,33.80047893889585,1
54,1,Bachelor,52.96128413173281,15.268385239519843,0,50-60,16.88838523951984,0
34,26,High School,60.75534011870445,27.90660203561134,0,30-40,28.92660203561134,0
44,10,Master,85.62888768508198,29.26866630552459,0,40-50,30.58866630552459,0
56,30,Bachelor,67.26006918170695,31.098020754512085,1,50-60,32.778020754512085,1
47,18,High School,67.56616020624982,26.359848061874946,0,40-50,27.769848061874946,0
29,17,High School,67.00161803725119,26.330485411175356,0,20-30,27.200485411175357,0
58,26,Bachelor,89.04136589573007,35.97240976871902,1,50-60,37.71240976871902,1
36,8,Bachelor,86.25958915362064,28.597876746086193,0,30-40,29.67787674608619,0
58,12,Bachelor,92.18780233448133,31.3163407003444,1,50-60,33.0563407003444,1
41,27,High School,68.40954789599948,30.392864368799845,1,40-50,31.622864368799846,1
45,8,Bachelor,72.95624488747094,24.336873466241283,0,40-50,25.686873466241284,0
44,25,Bachelor,54.833574505792086,25.730072351737626,0,40-50,27.050072351737626,0
36,4,Bachelor,84.76934426118274,26.55080327835482,0,30-40,27.63080327835482,0
32,33,Bachelor,58.32220448732065,30.336661346196195,1,30-40,31.296661346196196,0
39,1,Bachelor,72.16775563762629,21.480326691287885,0,30-40,22.650326691287884,0
44,19,High School,59.02697472367156,24.288092417101467,0,40-50,25.608092417101467,0
23,31,PhD,64.11133173261304,32.14339951978391,1,20-30,32.83339951978391,1
29,16,Bachelor,61.627375689503,24.618212706850898,0,20-30,25.4882127068509,0
22,14,Bachelor,63.92124739324182,24.716374217972543,0,20-30,25.376374217972543,0
37,5,High School,64.60877296851021,20.572631890553062,0,30-40,21.68263189055306,0
55,26,Bachelor,64.51731205074923,28.70519361522477,0,50-60,30.355193615224767,0
41,28,High School,78.33333911780308,33.77000173534093,1,40-50,35.00000173534092,1
53,2,Bachelor,58.9513720693748,17.495411620812437,0,50-60,19.085411620812437,0
27,6,PhD,72.20541427013868,24.451624281041603,0,20-30,25.261624281041602,0
59,9,Bachelor,82.17959152305558,27.08387745691667,0,50-60,28.85387745691667,0
38,33,High School,64.86803635486604,31.820410906459813,1,30-40,32.96041090645981,1
56,25,High School,62.82081109252398,27.466243327757194,0,50-60,29.146243327757194,0
25,13,Bachelor,67.69475374819748,25.358426124459246,0,20-30,26.108426124459246,0
45,9,High School,81.7972520836071,27.089175625082127,0,40-50,28.43917562508213,0
53,13,High School,71.94107630953357,25.49232289286007,0,50-60,27.08232289286007,0
25,31,Master,64.68785705392402,31.9563571161772,1,20-30,32.7063571161772,1
56,11,Bachelor,74.8387665118804,25.77162995356412,0,50-60,27.45162995356412,0
52,4,High School,58.977078501635766,18.03312355049073,0,50-60,19.593123550490727,0
41,34,PhD,76.81359510442948,36.61407853132885,1,40-50,37.84407853132885,1
40,38,High School,74.08607307701767,36.5258219231053,1,30-40,37.7258219231053,1
25,4,PhD,66.92191528861116,22.12657458658335,0,20-30,22.87657458658335,0
25,38,Bachelor,61.61414201552769,33.5342426046583,1,20-30,34.2842426046583,1
23,19,Master,61.133190777165424,26.149957233149625,0,20-30,26.839957233149626,0
49,6,Bachelor,75.3481733634591,24.13445200903773,0,40-50,25.60445200903773,0
30,34,Master,82.28980502489063,38.28694150746719,1,20-30,39.18694150746719,1
49,18,PhD,63.62692252971205,26.018076758913615,0,40-50,27.488076758913614,0
50,13,High School,74.58386703551484,26.375160110654452,0,40-50,27.875160110654452,0
43,23,PhD,49.12972981397931,23.84891894419379,0,40-50,25.13891894419379,0
28,19,Bachelor,64.153822693428,26.606146808028402,0,20-30,27.446146808028402,0
22,11,Bachelor,69.68941067129099,25.246823201387294,0,20-30,25.906823201387294,0
50,1,Bachelor,60.90316583018166,17.7709497490545,0,40-50,19.2709497490545,0
59,24,Bachelor,60.63493625210404,26.620480875631213,0,50-60,28.390480875631212,0
56,7,High School,63.32220443531114,20.416661330593342,0,50-60,22.096661330593342,0
55,25,Bachelor,72.92192728326373,30.82657818497912,1,50-60,32.47657818497912,1
43,21,Bachelor,68.12670981593625,28.148012944780877,0,40-50,29.438012944780876,0
50,15,Master,47.61768766675028,19.685306300025083,0,40-50,21.185306300025083,0
25,1,Master,48.79299847364934,15.1878995420948,0,20-30,15.9378995420948,0
21,12,Bachelor,63.93134822142825,23.94940446642848,0,20-30,24.57940446642848,0
39,7,Bachelor,74.57686586053552,24.603059758160654,0,30-40,25.773059758160656,0
47,15,High School,42.52495157274765,17.647485471824297,0,40-50,19.057485471824297,0
30,21,High School,65.00269823848369,27.300809471545108,0,20-30,28.200809471545107,0
23,19,High School,64.7375214348258,26.63125643044774,0,20-30,27.32125643044774,0
34,29,Bachelor,83.88337778208448,36.34501333462534,1,30-40,37.365013334625345,1
25,25,High School,66.14978188287137,29.39493456486141,0,20-30,30.14493456486141,0
49,33,PhD,73.82988984740929,35.078966954222786,1,40-50,36.548966954222784,1
57,32,Bachelor,71.41257140087463,33.11377142026239,1,50-60,34.82377142026239,1
21,35,Bachelor,48.69433520192799,28.578300560578395,0,20-30,29.208300560578394,0
34,38,Bachelor,77.68207216631737,38.084621649895205,1,30-40,39.10462164989521,1
30,26,High School,72.15396505456287,31.44618951636886,1,20-30,32.34618951636886,1
27,11,Bachelor,75.0826863967459,26.71480591902377,0,20-30,27.52480591902377,0
45,35,Bachelor,109.26237706436326,46.028713119308975,1,40-50,47.378713119308976,1
24,8,Bachelor,49.158870605014116,17.827661181504237,0,20-30,18.547661181504235,0
25,14,Bachelor,87.24696649761108,31.624089949283324,1,20-30,32.374089949283324,1
45,10,PhD,67.12552480599645,23.98765744179893,0,40-50,25.33765744179893,0
23,2,Master,72.87328904403009,22.871986713209022,0,20-30,23.561986713209023,0
38,9,Bachelor,69.54487754698758,23.92346326409627,0,30-40,25.06346326409627,0
39,3,Bachelor,65.75763666601956,20.35729099980587,0,30-40,21.52729099980587,0
52,21,Bachelor,64.30167071761241,26.730501215283724,0,50-60,28.290501215283722,0
39,26,High School,73.29508735573009,31.518526206719024,1,30-40,32.688526206719025,1
31,8,Bachelor,54.82826303328321,19.31847890998496,0,30-40,20.24847890998496,0
20,2,High School,77.50579167521765,23.751737502565295,0,,24.351737502565296,0
45,6,Bachelor,65.83805595114747,21.40141678534424,0,40-50,22.75141678534424,0
33,28,Bachelor,58.69930660959642,28.419791982878927,0,30-40,29.409791982878925,0
57,29,High School,65.49987142004186,29.839961426012557,0,50-60,31.54996142601256,1
56,26,PhD,82.57149216862572,34.69144765058772,1,50-60,36.37144765058772,1
30,25,PhD,64.64664912983777,29.693994738951332,0,20-30,30.59399473895133,0
55,12,Master,73.5845361820962,26.12536085462886,0,50-60,27.775360854628858,0
32,5,Bachelor,62.69043724284527,20.44713117285358,0,30-40,21.407131172853582,0
22,34,Master,77.57921849923619,37.11376554977086,1,20-30,37.77376554977086,1
52,37,High School,76.85507738790204,36.59652321637061,1,50-60,38.156523216370616,1
25,15,Master,88.48608833296412,32.695826499889236,1,20-30,33.445826499889236,1
29,36,High School,68.24436054500785,34.30330816350236,1,20-30,35.173308163502355,1
24,15,Master,76.68654804757907,29.18596441427372,0,20-30,29.90596441427372,0
42,23,High School,70.98067539538944,29.534202618616835,0,40-50,30.794202618616836,0
29,6,Master,82.95871781863015,27.317615345589044,0,20-30,28.187615345589045,0
21,21,PhD,62.8116761239127,27.81350283717381,0,20-30,28.44350283717381,0
32,23,High School,77.45005312877281,31.775015938631846,1,30-40,32.73501593863185,1
59,16,Bachelor,68.05302703883318,25.645908111649952,0,50-60,27.41590811164995,0
21,15,PhD,69.35811822891502,27.377435468674506,0,20-30,28.007435468674505,0
39,25,Bachelor,70.91752484448372,30.705257453345112,1,30-40,31.875257453345114,1
20,36,Master,72.52240396426677,36.45672118928003,1,,37.05672118928003,1
56,11,Bachelor,68.83770956878043,23.971312870634126,0,50-60,25.651312870634126,0
28,15,Bachelor,72.14713183170527,27.40413954951158,0,20-30,28.24413954951158,0
36,4,High School,85.78118057562185,26.55435417268655,0,30-40,27.634354172686553,0
28,21,High School,79.85449685615218,31.816349056845656,1,20-30,32.656349056845656,1
30,13,Master,78.69154592496896,28.80746377749069,0,20-30,29.707463777490688,0
34,22,Bachelor,65.44460473976129,28.01338142192839,0,30-40,29.03338142192839,0
43,19,Bachelor,61.10759171771676,25.24227751531503,0,40-50,26.53227751531503,0
57,34,Bachelor,79.55300558237754,36.35590167471326,1,50-60,38.06590167471326,1
54,14,Bachelor,78.76046792529795,28.20814037758938,0,50-60,29.82814037758938,0
49,4,Master,84.72670675750982,26.448012027252947,0,40-50,27.918012027252946,0
50,27,PhD,63.9601937403077,29.68805812209231,0,40-50,31.18805812209231,0
24,29,Bachelor,67.70451344639653,31.791354033918964,1,20-30,32.51135403391896,1
33,28,Master,53.605158374745656,27.1915475124237,0,30-40,28.1815475124237,0
30,35,Master,66.07528893939127,33.822586681817384,1,20-30,34.72258668181738,1
28,8,Bachelor,79.96570510579447,26.94971153173834,0,20-30,27.78971153173834,0
53,16,PhD,65.33504620771802,25.610513862315408,0,50-60,27.200513862315407,0
31,36,High School,76.40479795200824,36.69143938560247,1,30-40,37.62143938560247,1
54,30,High School,68.09496894002189,31.108490682006565,1,50-60,32.728490682006566,1
54,18,Master,73.2405702822156,28.45217108466468,0,50-60,30.07217108466468,0
20,2,Bachelor,58.523086101843326,18.356925830552996,0,,18.956925830552997,0
59,13,Master,70.852094496339,25.585628348901704,0,50-60,27.355628348901703,0
41,4,Master,40.08864029099277,13.29659208729783,0,40-50,14.52659208729783,0
48,26,High School,68.13103841838016,29.699311525514045,0,40-50,31.139311525514046,0
27,25,Master,53.6952675628486,26.19858026885458,0,20-30,27.00858026885458,0
30,30,Bachelor,82.05994516546816,36.31798354964045,1,20-30,37.21798354964045,1
56,11,Bachelor,77.77407352764511,26.652222058293535,0,50-60,28.332222058293535,0
33,7,Bachelor,74.66670981966081,24.810012945898247,0,30-40,25.800012945898246,0
49,31,PhD,85.2100622715938,37.69301868147814,1,40-50,39.163018681478135,1
54,10,High School,60.51083479175163,20.833250437525486,0,50-60,22.453250437525487,0
40,39,Bachelor,87.47363197915558,41.24208959374667,1,30-40,42.44208959374667,1
56,13,Bachelor,79.32191564260384,27.916574692781154,0,50-60,29.596574692781154,0
24,31,Master,67.63444712781055,32.87033413834317,1,20-30,33.59033413834317,1
38,7,Bachelor,81.35620147182944,26.666860441548828,0,30-40,27.806860441548828,0
33,36,High School,58.93706487588366,31.3911194627651,1,30-40,32.3811194627651,1
45,20,High School,61.75485838472326,25.47645751541698,0,40-50,26.82645751541698,0
23,4,Bachelor,63.914102767603,20.684230830280896,0,20-30,21.374230830280897,0
44,7,Master,64.71022291935985,21.793066875807952,0,40-50,23.113066875807952,0
44,1,High School,59.43442357239747,17.210327071719238,0,40-50,18.53032707171924,0
37,13,High School,82.23083067095325,29.059249201285976,0,30-40,30.169249201285975,0
59,22,PhD,67.41145599630168,28.453436798890504,0,50-60,30.223436798890503,0
27,21,High School,73.5250496835688,29.947514905070637,0,20-30,30.757514905070636,0
58,22,PhD,64.2964863358632,27.54894590075896,0,50-60,29.288945900758957,0
59,28,Bachelor,51.793966994514825,25.568190098354446,0,50-60,27.338190098354445,0
33,9,Master,72.70057358391422,25.320172075174266,0,30-40,26.310172075174265,0
51,26,High School,50.87745024580223,24.43323507374067,0,50-60,25.96323507374067,0
57,9,High School,69.31365953914532,22.984097861743592,0,50-60,24.694097861743593,0
52,15,Master,56.3168496116719,22.235054883501572,0,50-60,23.79505488350157,0
42,10,Master,89.87275999230808,30.60182799769242,1,40-50,31.861827997692423,1
34,24,Master,79.11362722174722,33.214088166524164,1,30-40,34.23408816652417,1
52,8,High School,71.0575379127148,23.257261373814444,0,50-60,24.817261373814443,0
44,24,Master,82.63706677654669,33.97112003296401,1,40-50,35.29112003296401,1
36,16,Master,61.536840225342644,24.681052067602792,0,30-40,25.761052067602794,0
52,26,Bachelor,75.43479378670094,32.07043813601028,1,50-60,33.630438136010284,1
21,27,Master,71.99810433718713,32.66943130115614,1,20-30,33.29943130115614,1
33,37,Master,72.6402008133367,36.50206024400101,1,30-40,37.49206024400101,1
59,4,Bachelor,82.72353500106767,25.247060500320302,0,50-60,27.0170605003203,0
59,24,High School,77.32492102779803,31.32747630833941,1,50-60,33.09747630833941,1
58,19,Bachelor,72.88723662825024,28.326170988475074,0,50-60,30.066170988475072,0
25,36,High School,53.45112563771704,29.98533769131511,0,20-30,30.73533769131511,0
25,39,Bachelor,60.399537047205364,33.56986111416161,1,20-30,34.31986111416161,1
22,10,Bachelor,68.77291066404275,24.571873199212828,0,20-30,25.231873199212828,0
26,25,High School,70.93372374276652,30.800117122829953,1,20-30,31.580117122829954,1
27,18,Bachelor,58.69796275326076,24.59938882597823,0,20-30,25.40938882597823,0
34,19,High School,94.11676675578421,35.11503002673526,1,30-40,36.135030026735265,1
48,36,Master,85.16394055253573,39.409182165760726,1,40-50,40.84918216576072,1
52,10,PhD,76.02118320392483,26.44635496117745,0,50-60,28.00635496117745,0
49,33,High School,70.72036861283745,33.246110583851234,1,40-50,34.71611058385123,1
58,5,PhD,67.87791030098848,21.823373090296542,0,50-60,23.56337309029654,0
46,35,Bachelor,60.48081539977765,31.36424461993329,1,40-50,32.74424461993329,1
55,34,High School,70.77480518518863,33.48244155555659,1,50-60,35.13244155555659,1
48,33,High School,72.57752540142751,33.833257620428256,1,40-50,35.273257620428254,1
57,21,Bachelor,57.58239424518376,24.564718273555126,0,50-60,26.274718273555127,0
52,17,Master,73.34176417244898,28.142529251734697,0,50-60,29.702529251734695,0
56,22,Master,68.44740951175251,28.55422285352575,0,50-60,30.23422285352575,0
46,37,High School,50.92192442122609,28.996577326367827,0,40-50,30.376577326367826,0
52,15,High School,61.39614989220498,23.158844967661494,0,50-60,24.718844967661493,0
23,35,Bachelor,65.86394466578356,33.66918339973507,1,20-30,34.359183399735066,1
41,28,High School,88.8768765734019,36.93306297202057,1,40-50,38.16306297202057,1
21,7,High School,75.56553124533758,25.139659373601276,0,20-30,25.769659373601275,0
29,32,High School,56.64518430900109,29.223555292700325,0,20-30,30.093555292700326,0
24,11,Master,74.86036289417638,27.038108868252912,0,20-30,27.75810886825291,0
29,10,PhD,54.52696011061634,20.6880880331849,0,20-30,21.5580880331849,0
52,9,Bachelor,80.82691053887073,26.88807316166122,0,50-60,28.44807316166122,0
57,14,PhD,65.28875348182122,24.676626044546364,0,50-60,26.386626044546365,0
32,13,Bachelor,69.06363811260829,25.559091433782484,0,30-40,26.519091433782485,0
50,25,Bachelor,83.25796647542191,34.077389942626574,1,40-50,35.577389942626574,1
55,2,High School,57.1283643141575,16.588509294247253,0,50-60,18.23850929424725,0
43,35,Bachelor,56.02881814887009,30.118645444661027,0,40-50,31.408645444661026,1
34,7,PhD,64.16400673653995,22.229202020961985,0,30-40,23.249202020961985,0
48,21,Bachelor,80.38378851019317,31.67513655305795,1,40-50,33.11513655305795,1
27,18,Bachelor,54.806539245231576,23.431961773569473,0,20-30,24.24196177356947,0
24,3,Bachelor,41.678444018894304,13.58353320566829,0,20-30,14.303533205668291,0
48,39,High School,65.48841141591001,34.106523424773,1,40-50,35.546523424773,1
23,11,Master,75.51740799910921,27.26522239973276,0,20-30,27.95522239973276,0
31,39,Bachelor,82.00261749738829,39.87078524921649,1,30-40,40.80078524921649,1
21,24,Bachelor,65.36838637914602,29.180515913743807,0,20-30,29.810515913743806,0
46,19,Bachelor,65.88573392883997,26.585720178651993,0,40-50,27.965720178651992,0
50,4,Bachelor,81.53900734255747,25.161702202767238,0,40-50,26.661702202767238,0
55,26,High School,51.3025830030458,24.44077490091374,0,50-60,26.09077490091374,0
55,38,Bachelor,66.1147922481699,33.98443767445097,1,50-60,35.63443767445097,1
45,32,High School,71.90423889925057,33.32127166977517,1,40-50,34.67127166977517,1
46,39,Master,74.49218721285034,37.467656163855104,1,40-50,38.847656163855106,1
24,36,Master,64.90193306809117,34.05057992042735,1,20-30,34.77057992042735,1
39,37,Master,70.34441011705842,35.63332303511752,1,30-40,36.80332303511752,1
30,33,Bachelor,45.1167264658701,26.435017939761032,0,20-30,27.33501793976103,0
29,36,Bachelor,63.41751587666152,33.15525476299846,1,20-30,34.02525476299846,1
59,3,High School,74.53508712554468,22.090526137663403,0,50-60,23.860526137663403,0
57,9,Master,60.177059657453206,20.84311789723596,0,50-60,22.55311789723596,0
25,8,High School,70.58984221589597,23.92695266476879,0,20-30,24.67695266476879,0
27,33,Bachelor,74.46872500802698,35.33061750240809,1,20-30,36.14061750240809,1
42,6,High School,66.57450799142235,21.4123523974267,0,40-50,22.672352397426703,0
45,39,High School,71.70463770996571,36.06139131298971,1,40-50,37.411391312989714,1
31,4,Bachelor,60.372674347153875,19.381802304146163,0,30-40,20.311802304146163,0
45,13,High School,67.93388720303953,24.530166160911858,0,40-50,25.88016616091186,0
32,2,Master,76.10216169589222,23.570648508767665,0,30-40,24.530648508767666,0
59,5,Bachelor,71.56972960968434,22.300918882905304,0,50-60,24.070918882905303,0
37,27,High School,64.13468730436064,29.230406191308195,0,30-40,30.340406191308194,0
44,32,Bachelor,72.24216404290793,33.75264921287238,1,40-50,35.07264921287238,1
52,21,High School,77.14609790636618,30.283829371909857,1,50-60,31.843829371909855,1
59,8,High School,49.50058721422522,16.580176164267566,0,50-60,18.350176164267566,0
31,38,Master,81.59074064955898,39.647222194867695,1,30-40,40.577222194867694,1
55,8,High School,66.63745261318928,21.841235783956787,0,50-60,23.491235783956785,0
23,3,Master,74.2548993324023,23.68646979972069,0,20-30,24.37646979972069,0
24,3,High School,81.97246923645228,25.371740770935684,0,20-30,26.091740770935683,0
56,22,High School,56.28326302769534,24.304978908308602,0,50-60,25.9849789083086,0
27,6,Master,62.90558997572453,21.36167699271736,0,20-30,22.17167699271736,0
47,2,Bachelor,67.11451304124296,20.124353912372886,0,40-50,21.534353912372886,0
50,23,High School,62.16246478875572,26.64873943662672,0,40-50,28.14873943662672,0
28,2,Bachelor,87.34936575836808,26.76480972751042,0,20-30,27.60480972751042,0
48,38,High School,61.432279061732075,32.48968371851963,1,40-50,33.92968371851963,1
